resolution_nm,mode,backend,grid_zyx,steps,gcups,median_runtime_s,xla_compile_s,raster_mode_program_setup_s,finite_fields
25.0,throughput,cuda_hopper,"[79, 548, 548]",256,3.1828158419927326,1.908168237656355,4.658002734184265,43.226652447134256,True
25.0,throughput,cuda_streamed,"[79, 548, 548]",256,6.04430575549086,1.0048049092292786,9.51388418674469,43.232485089451075,True
25.0,throughput,jax,"[79, 548, 548]",256,8.020675881250058,0.75721151009202,12.390808377414942,45.54512307047844,True
36.0,full,cuda_hopper,"[55, 381, 381]",14570,3.0441959833472723,38.211983717978,5.4006781205534935,31.38385596498847,True
36.0,full,cuda_streamed,"[55, 381, 381]",14570,4.694475496869714,24.779076475650072,7.546012908220291,29.060888346284628,True
36.0,full,jax,"[55, 381, 381]",14570,6.264220585063176,18.569711230695248,11.072884697467089,28.67778142914176,True
36.0,throughput,cuda_hopper,"[55, 381, 381]",256,3.050258171127699,0.6700635701417923,5.306313443928957,34.016857389360666,True
36.0,throughput,cuda_streamed,"[55, 381, 381]",256,4.484434551172679,0.4557691402733326,5.259974680840969,31.959431130439043,True
36.0,throughput,jax,"[55, 381, 381]",256,6.237753719879925,0.327660720795393,11.048739362508059,27.07096751779318,True
