timestamp, index, temperature.gpu, clocks.current.sm [MHz], power.draw [W], utilization.gpu [%], memory.used [MiB]
2026/09/27 09:51:05.549, 0, 24, 345 MHz, 69.24 W, 0 %, 0 MiB
2026/09/27 09:51:05.554, 1, 26, 345 MHz, 70.03 W, 0 %, 0 MiB
2026/09/27 09:51:07.558, 0, 24, 1980 MHz, 73.63 W, 0 %, 22 MiB
2026/09/27 09:51:07.558, 1, 26, 1980 MHz, 73.02 W, 0 %, 22 MiB
2026/09/27 09:51:09.559, 0, 44, 1470 MHz, 688.43 W, 99 %, 1009 MiB
2026/09/27 09:51:09.559, 1, 48, 1335 MHz, 699.19 W, 99 %, 1009 MiB
2026/09/27 09:51:11.559, 0, 47, 1335 MHz, 697.88 W, 99 %, 1009 MiB
2026/09/27 09:51:11.560, 1, 50, 1425 MHz, 692.18 W, 99 %, 1009 MiB
2026/09/27 09:51:13.560, 0, 48, 1335 MHz, 698.94 W, 99 %, 1009 MiB
2026/09/27 09:51:13.560, 1, 52, 1410 MHz, 690.91 W, 99 %, 1009 MiB
2026/09/27 09:51:15.560, 0, 49, 1425 MHz, 692.38 W, 99 %, 1009 MiB
2026/09/27 09:51:15.561, 1, 53, 1410 MHz, 689.26 W, 99 %, 1009 MiB
2026/09/27 09:51:17.561, 0, 50, 1425 MHz, 691.66 W, 99 %, 1009 MiB
2026/09/27 09:51:17.561, 1, 54, 1410 MHz, 691.69 W, 99 %, 1009 MiB
2026/09/27 09:51:19.561, 0, 51, 1425 MHz, 691.63 W, 99 %, 1009 MiB
2026/09/27 09:51:19.562, 1, 54, 1395 MHz, 692.15 W, 99 %, 1009 MiB
2026/09/27 09:51:21.562, 0, 51, 1425 MHz, 692.70 W, 99 %, 1009 MiB
2026/09/27 09:51:21.562, 1, 55, 1410 MHz, 691.08 W, 99 %, 1009 MiB
2026/09/27 09:51:23.562, 0, 52, 1425 MHz, 693.31 W, 99 %, 1009 MiB
2026/09/27 09:51:23.563, 1, 56, 1410 MHz, 692.31 W, 99 %, 1009 MiB
2026/09/27 09:51:25.563, 0, 52, 1425 MHz, 692.39 W, 99 %, 1009 MiB
2026/09/27 09:51:25.563, 1, 56, 1410 MHz, 690.77 W, 99 %, 1009 MiB
2026/09/27 09:51:27.563, 0, 53, 1410 MHz, 692.05 W, 99 %, 1009 MiB
2026/09/27 09:51:27.563, 1, 57, 1410 MHz, 691.43 W, 99 %, 1009 MiB
2026/09/27 09:51:29.564, 0, 54, 1440 MHz, 692.56 W, 99 %, 1009 MiB
2026/09/27 09:51:29.564, 1, 57, 1410 MHz, 690.88 W, 99 %, 1009 MiB
2026/09/27 09:51:31.564, 0, 54, 1425 MHz, 692.11 W, 99 %, 1009 MiB
2026/09/27 09:51:31.565, 1, 57, 1410 MHz, 691.86 W, 99 %, 1009 MiB
2026/09/27 09:51:33.565, 0, 54, 1425 MHz, 692.13 W, 99 %, 1009 MiB
2026/09/27 09:51:33.565, 1, 58, 1410 MHz, 690.49 W, 99 %, 1009 MiB
2026/09/27 09:51:35.565, 0, 54, 1410 MHz, 691.93 W, 99 %, 1009 MiB
2026/09/27 09:51:35.566, 1, 58, 1410 MHz, 691.84 W, 99 %, 1009 MiB
2026/09/27 09:51:37.566, 0, 55, 1425 MHz, 693.13 W, 99 %, 1009 MiB
2026/09/27 09:51:37.566, 1, 58, 1410 MHz, 690.91 W, 99 %, 1009 MiB
2026/09/27 09:51:39.566, 0, 55, 1425 MHz, 693.27 W, 99 %, 1009 MiB
2026/09/27 09:51:39.567, 1, 59, 1410 MHz, 691.80 W, 99 %, 1009 MiB
2026/09/27 09:51:41.567, 0, 55, 1410 MHz, 690.28 W, 99 %, 1009 MiB
2026/09/27 09:51:41.567, 1, 59, 1410 MHz, 690.67 W, 99 %, 1009 MiB
2026/09/27 09:51:43.567, 0, 55, 1425 MHz, 691.62 W, 99 %, 1009 MiB
2026/09/27 09:51:43.568, 1, 59, 1410 MHz, 690.85 W, 99 %, 1009 MiB
2026/09/27 09:51:45.568, 0, 55, 1410 MHz, 692.78 W, 99 %, 1009 MiB
2026/09/27 09:51:45.568, 1, 59, 1410 MHz, 691.22 W, 99 %, 1009 MiB
2026/09/27 09:51:47.569, 0, 56, 1410 MHz, 692.30 W, 99 %, 1009 MiB
2026/09/27 09:51:47.569, 1, 59, 1410 MHz, 691.25 W, 99 %, 1009 MiB
2026/09/27 09:51:49.569, 0, 56, 1425 MHz, 692.30 W, 99 %, 1009 MiB
2026/09/27 09:51:49.569, 1, 59, 1410 MHz, 690.89 W, 99 %, 1009 MiB
2026/09/27 09:51:51.570, 0, 56, 1425 MHz, 692.12 W, 99 %, 1009 MiB
2026/09/27 09:51:51.570, 1, 59, 1410 MHz, 690.73 W, 99 %, 1009 MiB
2026/09/27 09:51:53.570, 0, 40, 1980 MHz, 312.25 W, 0 %, 0 MiB
2026/09/27 09:51:53.570, 1, 42, 1980 MHz, 291.53 W, 3 %, 0 MiB
2026/09/27 09:51:55.571, 0, 36, 420 MHz, 120.33 W, 0 %, 0 MiB
2026/09/27 09:51:55.571, 1, 37, 360 MHz, 100.16 W, 0 %, 0 MiB
2026/09/27 09:51:57.571, 0, 34, 345 MHz, 70.21 W, 0 %, 0 MiB
2026/09/27 09:51:57.571, 1, 35, 345 MHz, 71.60 W, 0 %, 0 MiB
2026/09/27 09:51:59.572, 0, 33, 345 MHz, 70.41 W, 0 %, 0 MiB
2026/09/27 09:51:59.572, 1, 34, 345 MHz, 71.83 W, 0 %, 0 MiB
2026/09/27 09:52:01.572, 0, 32, 345 MHz, 70.37 W, 0 %, 0 MiB
2026/09/27 09:52:01.572, 1, 33, 345 MHz, 71.73 W, 0 %, 0 MiB
2026/09/27 09:52:03.573, 0, 31, 345 MHz, 70.22 W, 0 %, 0 MiB
2026/09/27 09:52:03.573, 1, 32, 345 MHz, 71.58 W, 0 %, 0 MiB
2026/09/27 09:52:05.573, 0, 30, 345 MHz, 70.10 W, 0 %, 0 MiB
2026/09/27 09:52:05.573, 1, 31, 345 MHz, 71.40 W, 0 %, 0 MiB
2026/09/27 09:52:07.574, 0, 30, 345 MHz, 69.98 W, 0 %, 0 MiB
2026/09/27 09:52:07.574, 1, 31, 345 MHz, 71.25 W, 0 %, 0 MiB
2026/09/27 09:52:09.574, 0, 29, 345 MHz, 69.89 W, 0 %, 0 MiB
2026/09/27 09:52:09.574, 1, 30, 345 MHz, 71.09 W, 0 %, 0 MiB
2026/09/27 09:52:11.574, 0, 29, 345 MHz, 69.76 W, 0 %, 0 MiB
2026/09/27 09:52:11.574, 1, 30, 345 MHz, 70.96 W, 0 %, 0 MiB
2026/09/27 09:52:13.575, 0, 28, 345 MHz, 69.68 W, 0 %, 0 MiB
2026/09/27 09:52:13.575, 1, 29, 345 MHz, 70.86 W, 0 %, 0 MiB
2026/09/27 09:52:15.575, 0, 28, 345 MHz, 69.56 W, 0 %, 0 MiB
2026/09/27 09:52:15.575, 1, 29, 345 MHz, 70.87 W, 0 %, 0 MiB
2026/09/27 09:52:17.576, 0, 27, 345 MHz, 69.50 W, 0 %, 0 MiB
2026/09/27 09:52:17.576, 1, 29, 345 MHz, 70.76 W, 0 %, 0 MiB
2026/09/27 09:52:19.576, 0, 27, 345 MHz, 69.44 W, 0 %, 0 MiB
2026/09/27 09:52:19.576, 1, 28, 345 MHz, 70.68 W, 0 %, 0 MiB
2026/09/27 09:52:21.576, 0, 27, 345 MHz, 69.43 W, 0 %, 0 MiB
2026/09/27 09:52:21.577, 1, 28, 345 MHz, 70.67 W, 0 %, 0 MiB
2026/09/27 09:52:23.577, 0, 27, 345 MHz, 69.33 W, 0 %, 0 MiB
2026/09/27 09:52:23.577, 1, 28, 345 MHz, 70.52 W, 0 %, 0 MiB
2026/09/27 09:52:25.577, 0, 26, 345 MHz, 69.32 W, 0 %, 0 MiB
2026/09/27 09:52:25.578, 1, 28, 345 MHz, 70.48 W, 0 %, 0 MiB
2026/09/27 09:52:27.578, 0, 26, 345 MHz, 69.34 W, 0 %, 0 MiB
2026/09/27 09:52:27.578, 1, 28, 345 MHz, 70.48 W, 0 %, 0 MiB
2026/09/27 09:52:29.578, 0, 26, 345 MHz, 69.33 W, 0 %, 0 MiB
2026/09/27 09:52:29.579, 1, 27, 345 MHz, 70.39 W, 0 %, 0 MiB
2026/09/27 09:52:31.579, 0, 26, 345 MHz, 69.25 W, 0 %, 0 MiB
2026/09/27 09:52:31.579, 1, 27, 345 MHz, 70.33 W, 0 %, 0 MiB
2026/09/27 09:52:33.580, 0, 26, 345 MHz, 69.27 W, 0 %, 0 MiB
2026/09/27 09:52:33.580, 1, 27, 345 MHz, 70.33 W, 0 %, 0 MiB
2026/09/27 09:52:35.580, 0, 26, 345 MHz, 69.17 W, 0 %, 0 MiB
2026/09/27 09:52:35.580, 1, 27, 345 MHz, 70.25 W, 0 %, 0 MiB
2026/09/27 09:52:37.580, 0, 26, 345 MHz, 69.24 W, 0 %, 0 MiB
2026/09/27 09:52:37.581, 1, 27, 345 MHz, 70.25 W, 0 %, 0 MiB
2026/09/27 09:52:39.581, 0, 25, 345 MHz, 69.21 W, 0 %, 0 MiB
2026/09/27 09:52:39.581, 1, 27, 345 MHz, 70.27 W, 0 %, 0 MiB
2026/09/27 09:52:41.581, 0, 25, 345 MHz, 69.18 W, 0 %, 0 MiB
2026/09/27 09:52:41.582, 1, 27, 345 MHz, 70.28 W, 0 %, 0 MiB
2026/09/27 09:52:43.582, 0, 25, 345 MHz, 69.14 W, 0 %, 0 MiB
2026/09/27 09:52:43.582, 1, 27, 345 MHz, 70.19 W, 0 %, 0 MiB
2026/09/27 09:52:45.582, 0, 25, 345 MHz, 69.12 W, 0 %, 0 MiB
2026/09/27 09:52:45.583, 1, 27, 345 MHz, 70.21 W, 0 %, 0 MiB
2026/09/27 09:52:47.583, 0, 25, 345 MHz, 69.12 W, 0 %, 0 MiB
2026/09/27 09:52:47.583, 1, 27, 345 MHz, 70.21 W, 0 %, 0 MiB
2026/09/27 09:52:49.583, 0, 25, 345 MHz, 69.12 W, 0 %, 0 MiB
2026/09/27 09:52:49.583, 1, 26, 345 MHz, 70.14 W, 0 %, 0 MiB
2026/09/27 09:52:51.584, 0, 25, 345 MHz, 69.11 W, 0 %, 0 MiB
2026/09/27 09:52:51.584, 1, 26, 345 MHz, 70.14 W, 0 %, 0 MiB
2026/09/27 09:52:53.584, 0, 25, 345 MHz, 69.11 W, 0 %, 0 MiB
2026/09/27 09:52:53.584, 1, 26, 345 MHz, 70.14 W, 0 %, 0 MiB
2026/09/27 09:52:55.585, 0, 25, 345 MHz, 69.07 W, 0 %, 0 MiB
2026/09/27 09:52:55.585, 1, 26, 345 MHz, 70.10 W, 0 %, 0 MiB
2026/09/27 09:52:57.585, 0, 25, 345 MHz, 69.16 W, 0 %, 0 MiB
2026/09/27 09:52:57.585, 1, 26, 345 MHz, 70.09 W, 0 %, 0 MiB
2026/09/27 09:52:59.586, 0, 25, 345 MHz, 69.08 W, 0 %, 0 MiB
2026/09/27 09:52:59.586, 1, 26, 345 MHz, 70.12 W, 0 %, 0 MiB
2026/09/27 09:53:01.586, 0, 25, 345 MHz, 69.00 W, 0 %, 0 MiB
2026/09/27 09:53:01.586, 1, 26, 345 MHz, 70.09 W, 0 %, 0 MiB
2026/09/27 09:53:03.587, 0, 25, 345 MHz, 69.08 W, 0 %, 0 MiB
2026/09/27 09:53:03.587, 1, 26, 345 MHz, 70.04 W, 0 %, 0 MiB
2026/09/27 09:53:05.587, 0, 25, 345 MHz, 69.14 W, 0 %, 0 MiB
2026/09/27 09:53:05.587, 1, 26, 345 MHz, 70.16 W, 0 %, 0 MiB
2026/09/27 09:53:07.588, 0, 25, 345 MHz, 69.12 W, 0 %, 0 MiB
2026/09/27 09:53:07.588, 1, 26, 345 MHz, 70.15 W, 0 %, 0 MiB
2026/09/27 09:53:09.588, 0, 25, 345 MHz, 69.11 W, 0 %, 0 MiB
2026/09/27 09:53:09.589, 1, 26, 345 MHz, 70.12 W, 0 %, 0 MiB
2026/09/27 09:53:11.589, 0, 25, 345 MHz, 69.21 W, 0 %, 0 MiB
2026/09/27 09:53:11.589, 1, 26, 345 MHz, 70.10 W, 0 %, 0 MiB
2026/09/27 09:53:13.589, 0, 25, 345 MHz, 69.10 W, 0 %, 0 MiB
2026/09/27 09:53:13.590, 1, 26, 345 MHz, 70.10 W, 0 %, 0 MiB
2026/09/27 09:53:15.590, 0, 25, 345 MHz, 69.11 W, 0 %, 0 MiB
2026/09/27 09:53:15.590, 1, 26, 345 MHz, 70.08 W, 0 %, 0 MiB
2026/09/27 09:53:17.590, 0, 25, 345 MHz, 69.11 W, 0 %, 0 MiB
2026/09/27 09:53:17.591, 1, 26, 345 MHz, 70.05 W, 0 %, 0 MiB
2026/09/27 09:53:19.591, 0, 25, 345 MHz, 69.05 W, 0 %, 0 MiB
2026/09/27 09:53:19.591, 1, 26, 345 MHz, 70.05 W, 0 %, 0 MiB
2026/09/27 09:53:21.591, 0, 25, 345 MHz, 69.08 W, 0 %, 0 MiB
2026/09/27 09:53:21.592, 1, 26, 345 MHz, 70.01 W, 0 %, 0 MiB
2026/09/27 09:53:23.592, 0, 25, 345 MHz, 69.09 W, 0 %, 0 MiB
2026/09/27 09:53:23.592, 1, 26, 345 MHz, 69.99 W, 0 %, 0 MiB
2026/09/27 09:53:25.592, 0, 25, 345 MHz, 68.99 W, 0 %, 0 MiB
2026/09/27 09:53:25.592, 1, 26, 345 MHz, 70.00 W, 0 %, 0 MiB
2026/09/27 09:53:27.592, 0, 25, 345 MHz, 68.99 W, 0 %, 0 MiB
2026/09/27 09:53:27.593, 1, 26, 345 MHz, 69.99 W, 0 %, 0 MiB
2026/09/27 09:53:29.593, 0, 24, 345 MHz, 69.02 W, 0 %, 0 MiB
2026/09/27 09:53:29.593, 1, 26, 345 MHz, 69.93 W, 0 %, 0 MiB
2026/09/27 09:53:31.593, 0, 24, 345 MHz, 69.01 W, 0 %, 0 MiB
2026/09/27 09:53:31.593, 1, 26, 345 MHz, 69.99 W, 0 %, 0 MiB
2026/09/27 09:53:33.594, 0, 24, 345 MHz, 69.03 W, 0 %, 0 MiB
2026/09/27 09:53:33.594, 1, 26, 345 MHz, 70.01 W, 0 %, 0 MiB
2026/09/27 09:53:35.594, 0, 24, 345 MHz, 69.04 W, 0 %, 0 MiB
2026/09/27 09:53:35.594, 1, 26, 345 MHz, 69.97 W, 0 %, 0 MiB
2026/09/27 09:53:37.595, 0, 24, 345 MHz, 69.00 W, 0 %, 0 MiB
2026/09/27 09:53:37.595, 1, 26, 345 MHz, 69.97 W, 0 %, 0 MiB
2026/09/27 09:53:39.595, 0, 24, 345 MHz, 68.97 W, 0 %, 0 MiB
2026/09/27 09:53:39.595, 1, 26, 345 MHz, 70.03 W, 0 %, 0 MiB
2026/09/27 09:53:41.596, 0, 24, 345 MHz, 69.01 W, 0 %, 0 MiB
2026/09/27 09:53:41.596, 1, 26, 345 MHz, 69.93 W, 0 %, 0 MiB
2026/09/27 09:53:43.596, 0, 25, 1980 MHz, 74.24 W, 0 %, 525 MiB
2026/09/27 09:53:43.596, 1, 26, 345 MHz, 69.93 W, 0 %, 0 MiB
2026/09/27 09:53:45.597, 0, 26, 1980 MHz, 114.35 W, 0 %, 73541 MiB
2026/09/27 09:53:45.597, 1, 26, 345 MHz, 69.97 W, 0 %, 0 MiB
2026/09/27 09:53:47.597, 0, 26, 1980 MHz, 114.40 W, 0 %, 73541 MiB
2026/09/27 09:53:47.597, 1, 26, 345 MHz, 69.96 W, 0 %, 0 MiB
2026/09/27 09:53:49.597, 0, 26, 1980 MHz, 114.39 W, 0 %, 73541 MiB
2026/09/27 09:53:49.598, 1, 26, 345 MHz, 69.92 W, 0 %, 0 MiB
2026/09/27 09:53:51.598, 0, 26, 1980 MHz, 114.35 W, 0 %, 73545 MiB
2026/09/27 09:53:51.598, 1, 26, 345 MHz, 69.98 W, 0 %, 0 MiB
2026/09/27 09:53:53.598, 0, 26, 1980 MHz, 114.40 W, 0 %, 73545 MiB
2026/09/27 09:53:53.599, 1, 26, 345 MHz, 69.90 W, 0 %, 0 MiB
2026/09/27 09:53:55.599, 0, 26, 1980 MHz, 114.45 W, 0 %, 73545 MiB
2026/09/27 09:53:55.599, 1, 26, 345 MHz, 69.91 W, 0 %, 0 MiB
2026/09/27 09:53:57.599, 0, 26, 1980 MHz, 114.41 W, 0 %, 73545 MiB
2026/09/27 09:53:57.600, 1, 26, 345 MHz, 69.99 W, 0 %, 0 MiB
2026/09/27 09:53:59.600, 0, 26, 1980 MHz, 114.43 W, 0 %, 73545 MiB
2026/09/27 09:53:59.600, 1, 26, 345 MHz, 69.93 W, 0 %, 0 MiB
2026/09/27 09:54:01.600, 0, 26, 1980 MHz, 114.48 W, 0 %, 73545 MiB
2026/09/27 09:54:01.601, 1, 26, 345 MHz, 69.88 W, 0 %, 0 MiB
2026/09/27 09:54:03.601, 0, 26, 1980 MHz, 114.52 W, 0 %, 73545 MiB
2026/09/27 09:54:03.601, 1, 26, 345 MHz, 69.95 W, 0 %, 0 MiB
2026/09/27 09:54:05.601, 0, 26, 1980 MHz, 114.47 W, 0 %, 73547 MiB
2026/09/27 09:54:05.601, 1, 26, 345 MHz, 69.95 W, 0 %, 0 MiB
2026/09/27 09:54:07.602, 0, 26, 1980 MHz, 114.58 W, 0 %, 73547 MiB
2026/09/27 09:54:07.602, 1, 26, 345 MHz, 69.89 W, 0 %, 0 MiB
2026/09/27 09:54:09.602, 0, 26, 1980 MHz, 114.60 W, 0 %, 73547 MiB
2026/09/27 09:54:09.602, 1, 26, 345 MHz, 69.92 W, 0 %, 0 MiB
2026/09/27 09:54:11.603, 0, 26, 1980 MHz, 114.59 W, 0 %, 73551 MiB
2026/09/27 09:54:11.603, 1, 26, 345 MHz, 69.96 W, 0 %, 0 MiB
2026/09/27 09:54:13.603, 0, 26, 1980 MHz, 114.57 W, 0 %, 73551 MiB
2026/09/27 09:54:13.604, 1, 26, 345 MHz, 69.90 W, 0 %, 0 MiB
2026/09/27 09:54:15.604, 0, 26, 1980 MHz, 114.56 W, 0 %, 73551 MiB
2026/09/27 09:54:15.604, 1, 26, 345 MHz, 69.85 W, 0 %, 0 MiB
2026/09/27 09:54:17.604, 0, 26, 1980 MHz, 114.59 W, 0 %, 73551 MiB
2026/09/27 09:54:17.605, 1, 26, 345 MHz, 69.95 W, 0 %, 0 MiB
2026/09/27 09:54:19.605, 0, 26, 1980 MHz, 114.74 W, 0 %, 74151 MiB
2026/09/27 09:54:19.605, 1, 26, 345 MHz, 69.87 W, 0 %, 0 MiB
2026/09/27 09:54:21.606, 0, 26, 1980 MHz, 114.60 W, 0 %, 74151 MiB
2026/09/27 09:54:21.606, 1, 26, 345 MHz, 69.88 W, 0 %, 0 MiB
2026/09/27 09:54:23.606, 0, 26, 1980 MHz, 114.54 W, 1 %, 74153 MiB
2026/09/27 09:54:23.606, 1, 26, 345 MHz, 69.88 W, 0 %, 0 MiB
2026/09/27 09:54:25.607, 0, 26, 1980 MHz, 114.75 W, 0 %, 74153 MiB
2026/09/27 09:54:25.608, 1, 26, 345 MHz, 69.93 W, 0 %, 0 MiB
2026/09/27 09:54:27.608, 0, 26, 1980 MHz, 114.57 W, 0 %, 74153 MiB
2026/09/27 09:54:27.608, 1, 26, 345 MHz, 69.90 W, 0 %, 0 MiB
2026/09/27 09:54:29.608, 0, 26, 1980 MHz, 114.63 W, 0 %, 74153 MiB
2026/09/27 09:54:29.609, 1, 26, 345 MHz, 69.89 W, 0 %, 0 MiB
2026/09/27 09:54:31.609, 0, 26, 1980 MHz, 114.74 W, 6 %, 74153 MiB
2026/09/27 09:54:31.609, 1, 26, 345 MHz, 69.89 W, 0 %, 0 MiB
2026/09/27 09:54:33.609, 0, 26, 1980 MHz, 114.71 W, 5 %, 74153 MiB
2026/09/27 09:54:33.610, 1, 26, 345 MHz, 69.86 W, 0 %, 0 MiB
2026/09/27 09:54:35.610, 0, 26, 1980 MHz, 114.60 W, 0 %, 74153 MiB
2026/09/27 09:54:35.611, 1, 26, 345 MHz, 69.88 W, 0 %, 0 MiB
2026/09/27 09:54:37.611, 0, 26, 1980 MHz, 114.87 W, 0 %, 74153 MiB
2026/09/27 09:54:37.611, 1, 26, 345 MHz, 69.91 W, 0 %, 0 MiB
2026/09/27 09:54:39.611, 0, 26, 1980 MHz, 114.56 W, 0 %, 74153 MiB
2026/09/27 09:54:39.612, 1, 26, 345 MHz, 69.84 W, 0 %, 0 MiB
2026/09/27 09:54:41.612, 0, 26, 1980 MHz, 114.63 W, 0 %, 74155 MiB
2026/09/27 09:54:41.612, 1, 26, 345 MHz, 69.85 W, 0 %, 0 MiB
2026/09/27 09:54:43.613, 0, 26, 1980 MHz, 114.83 W, 0 %, 74155 MiB
2026/09/27 09:54:43.613, 1, 26, 345 MHz, 69.94 W, 0 %, 0 MiB
2026/09/27 09:54:45.613, 0, 26, 1980 MHz, 114.58 W, 0 %, 74155 MiB
2026/09/27 09:54:45.613, 1, 26, 345 MHz, 69.92 W, 0 %, 0 MiB
2026/09/27 09:54:47.614, 0, 26, 1980 MHz, 114.55 W, 0 %, 74155 MiB
2026/09/27 09:54:47.614, 1, 26, 345 MHz, 69.83 W, 0 %, 0 MiB
2026/09/27 09:54:49.614, 0, 26, 1980 MHz, 114.91 W, 5 %, 74155 MiB
2026/09/27 09:54:49.614, 1, 26, 345 MHz, 69.92 W, 0 %, 0 MiB
2026/09/27 09:54:51.615, 0, 26, 1980 MHz, 114.61 W, 0 %, 74155 MiB
2026/09/27 09:54:51.615, 1, 26, 345 MHz, 69.90 W, 0 %, 0 MiB
2026/09/27 09:54:53.615, 0, 26, 1980 MHz, 114.85 W, 1 %, 74157 MiB
2026/09/27 09:54:53.615, 1, 26, 345 MHz, 69.89 W, 0 %, 0 MiB
2026/09/27 09:54:55.616, 0, 26, 1980 MHz, 114.57 W, 0 %, 74157 MiB
2026/09/27 09:54:55.616, 1, 26, 345 MHz, 69.91 W, 0 %, 0 MiB
2026/09/27 09:54:57.616, 0, 26, 1980 MHz, 114.60 W, 0 %, 74157 MiB
2026/09/27 09:54:57.616, 1, 26, 345 MHz, 69.90 W, 0 %, 0 MiB
2026/09/27 09:54:59.616, 0, 26, 1980 MHz, 114.81 W, 0 %, 74157 MiB
2026/09/27 09:54:59.617, 1, 26, 345 MHz, 69.87 W, 0 %, 0 MiB
2026/09/27 09:55:01.617, 0, 26, 1980 MHz, 114.60 W, 0 %, 74157 MiB
2026/09/27 09:55:01.617, 1, 26, 345 MHz, 69.87 W, 0 %, 0 MiB
2026/09/27 09:55:03.617, 0, 26, 1980 MHz, 114.66 W, 0 %, 74159 MiB
2026/09/27 09:55:03.618, 1, 26, 345 MHz, 69.89 W, 0 %, 0 MiB
2026/09/27 09:55:05.618, 0, 26, 1980 MHz, 114.77 W, 1 %, 74159 MiB
2026/09/27 09:55:05.618, 1, 26, 345 MHz, 69.87 W, 0 %, 0 MiB
2026/09/27 09:55:07.618, 0, 26, 1980 MHz, 114.84 W, 10 %, 74159 MiB
2026/09/27 09:55:07.619, 1, 26, 345 MHz, 69.87 W, 0 %, 0 MiB
2026/09/27 09:55:09.619, 0, 26, 1980 MHz, 114.66 W, 0 %, 74159 MiB
2026/09/27 09:55:09.619, 1, 26, 345 MHz, 69.91 W, 0 %, 0 MiB
2026/09/27 09:55:11.620, 0, 26, 1980 MHz, 114.90 W, 0 %, 74161 MiB
2026/09/27 09:55:11.620, 1, 26, 345 MHz, 69.82 W, 0 %, 0 MiB
2026/09/27 09:55:13.620, 0, 26, 1980 MHz, 114.58 W, 0 %, 74161 MiB
2026/09/27 09:55:13.621, 1, 26, 345 MHz, 69.86 W, 0 %, 0 MiB
2026/09/27 09:55:15.621, 0, 26, 1980 MHz, 114.93 W, 0 %, 74161 MiB
2026/09/27 09:55:15.621, 1, 26, 345 MHz, 69.89 W, 0 %, 0 MiB
2026/09/27 09:55:17.621, 0, 26, 1980 MHz, 114.73 W, 5 %, 74161 MiB
2026/09/27 09:55:17.622, 1, 26, 345 MHz, 69.89 W, 0 %, 0 MiB
2026/09/27 09:55:19.622, 0, 26, 1980 MHz, 114.61 W, 0 %, 74161 MiB
2026/09/27 09:55:19.622, 1, 26, 345 MHz, 69.86 W, 0 %, 0 MiB
2026/09/27 09:55:21.622, 0, 26, 1980 MHz, 114.62 W, 0 %, 74161 MiB
2026/09/27 09:55:21.623, 1, 25, 345 MHz, 69.85 W, 0 %, 0 MiB
2026/09/27 09:55:23.623, 0, 26, 1980 MHz, 114.75 W, 4 %, 74161 MiB
2026/09/27 09:55:23.623, 1, 25, 345 MHz, 69.87 W, 0 %, 0 MiB
2026/09/27 09:55:25.624, 0, 26, 1980 MHz, 114.62 W, 0 %, 74161 MiB
2026/09/27 09:55:25.624, 1, 26, 345 MHz, 69.86 W, 0 %, 0 MiB
2026/09/27 09:55:27.624, 0, 26, 1980 MHz, 114.57 W, 0 %, 74161 MiB
2026/09/27 09:55:27.625, 1, 26, 345 MHz, 69.83 W, 0 %, 0 MiB
2026/09/27 09:55:29.653, 0, 26, 1980 MHz, 114.65 W, 0 %, 74161 MiB
2026/09/27 09:55:29.653, 1, 25, 345 MHz, 69.88 W, 0 %, 0 MiB
2026/09/27 09:55:31.653, 0, 26, 1980 MHz, 114.57 W, 0 %, 74161 MiB
2026/09/27 09:55:31.653, 1, 25, 345 MHz, 69.83 W, 0 %, 0 MiB
2026/09/27 09:55:33.654, 0, 26, 1980 MHz, 114.59 W, 0 %, 74161 MiB
2026/09/27 09:55:33.654, 1, 26, 345 MHz, 69.84 W, 0 %, 0 MiB
2026/09/27 09:55:35.654, 0, 26, 1980 MHz, 114.67 W, 0 %, 74161 MiB
2026/09/27 09:55:35.655, 1, 26, 345 MHz, 69.89 W, 0 %, 0 MiB
2026/09/27 09:55:37.655, 0, 26, 1980 MHz, 114.58 W, 0 %, 74161 MiB
2026/09/27 09:55:37.655, 1, 26, 345 MHz, 69.82 W, 0 %, 0 MiB
2026/09/27 09:55:39.655, 0, 26, 1980 MHz, 114.55 W, 0 %, 74161 MiB
2026/09/27 09:55:39.656, 1, 26, 345 MHz, 69.84 W, 0 %, 0 MiB
2026/09/27 09:55:41.656, 0, 26, 1980 MHz, 114.67 W, 0 %, 74161 MiB
2026/09/27 09:55:41.656, 1, 26, 345 MHz, 69.82 W, 0 %, 0 MiB
2026/09/27 09:55:43.656, 0, 26, 1980 MHz, 114.67 W, 0 %, 74161 MiB
2026/09/27 09:55:43.657, 1, 26, 345 MHz, 69.83 W, 0 %, 0 MiB
2026/09/27 09:55:45.657, 0, 26, 1980 MHz, 114.59 W, 0 %, 74161 MiB
2026/09/27 09:55:45.657, 1, 26, 345 MHz, 69.85 W, 0 %, 0 MiB
2026/09/27 09:55:47.657, 0, 26, 1980 MHz, 114.61 W, 0 %, 74161 MiB
2026/09/27 09:55:47.657, 1, 26, 345 MHz, 69.88 W, 0 %, 0 MiB
2026/09/27 09:55:49.658, 0, 26, 1980 MHz, 114.52 W, 0 %, 1179 MiB
2026/09/27 09:55:49.658, 1, 25, 345 MHz, 69.86 W, 0 %, 0 MiB
2026/09/27 09:55:51.658, 0, 26, 1980 MHz, 118.78 W, 0 %, 4 MiB
2026/09/27 09:55:51.663, 1, 26, 345 MHz, 69.84 W, 0 %, 1 MiB
2026/09/27 09:55:53.663, 0, 26, 1980 MHz, 114.63 W, 0 %, 73543 MiB
2026/09/27 09:55:53.663, 1, 27, 1980 MHz, 118.45 W, 0 %, 535 MiB
2026/09/27 09:55:55.664, 0, 26, 1980 MHz, 114.57 W, 0 %, 73543 MiB
2026/09/27 09:55:55.664, 1, 27, 1980 MHz, 118.58 W, 0 %, 535 MiB
2026/09/27 09:55:57.664, 0, 26, 1980 MHz, 114.50 W, 0 %, 73543 MiB
2026/09/27 09:55:57.665, 1, 27, 1980 MHz, 118.56 W, 0 %, 535 MiB
2026/09/27 09:55:59.665, 0, 26, 1980 MHz, 114.52 W, 0 %, 73545 MiB
2026/09/27 09:55:59.665, 1, 27, 1980 MHz, 118.59 W, 0 %, 535 MiB
2026/09/27 09:56:01.665, 0, 26, 1980 MHz, 114.51 W, 0 %, 73547 MiB
2026/09/27 09:56:01.666, 1, 27, 1980 MHz, 118.72 W, 0 %, 535 MiB
2026/09/27 09:56:03.666, 0, 26, 1980 MHz, 114.44 W, 0 %, 73547 MiB
2026/09/27 09:56:03.666, 1, 27, 1980 MHz, 118.67 W, 0 %, 535 MiB
2026/09/27 09:56:05.666, 0, 26, 1980 MHz, 114.53 W, 0 %, 73547 MiB
2026/09/27 09:56:05.667, 1, 27, 1980 MHz, 118.63 W, 0 %, 535 MiB
2026/09/27 09:56:07.667, 0, 26, 1980 MHz, 114.56 W, 0 %, 73547 MiB
2026/09/27 09:56:07.667, 1, 27, 1980 MHz, 118.16 W, 0 %, 535 MiB
2026/09/27 09:56:09.667, 0, 26, 1980 MHz, 114.56 W, 0 %, 73547 MiB
2026/09/27 09:56:09.668, 1, 27, 1980 MHz, 118.02 W, 0 %, 535 MiB
2026/09/27 09:56:11.668, 0, 26, 1980 MHz, 114.53 W, 0 %, 73547 MiB
2026/09/27 09:56:11.668, 1, 28, 1980 MHz, 118.01 W, 0 %, 535 MiB
2026/09/27 09:56:13.668, 0, 26, 1980 MHz, 114.54 W, 0 %, 73547 MiB
2026/09/27 09:56:13.669, 1, 28, 1980 MHz, 118.04 W, 0 %, 535 MiB
2026/09/27 09:56:15.669, 0, 26, 1980 MHz, 114.57 W, 1 %, 73549 MiB
2026/09/27 09:56:15.669, 1, 28, 1980 MHz, 119.45 W, 0 %, 73517 MiB
2026/09/27 09:56:17.670, 0, 26, 1980 MHz, 122.20 W, 0 %, 74467 MiB
2026/09/27 09:56:17.670, 1, 28, 1980 MHz, 125.36 W, 0 %, 74439 MiB
2026/09/27 09:56:19.670, 0, 26, 1980 MHz, 114.72 W, 0 %, 74467 MiB
2026/09/27 09:56:19.670, 1, 28, 1980 MHz, 118.11 W, 0 %, 74439 MiB
2026/09/27 09:56:21.671, 0, 26, 1980 MHz, 115.46 W, 8 %, 74913 MiB
2026/09/27 09:56:21.671, 1, 28, 1980 MHz, 119.82 W, 9 %, 74891 MiB
2026/09/27 09:56:23.671, 0, 26, 1980 MHz, 117.31 W, 0 %, 74913 MiB
2026/09/27 09:56:23.671, 1, 28, 1980 MHz, 120.69 W, 0 %, 74891 MiB
2026/09/27 09:56:25.672, 0, 26, 1980 MHz, 114.69 W, 0 %, 74913 MiB
2026/09/27 09:56:25.672, 1, 28, 1980 MHz, 118.11 W, 0 %, 74891 MiB
2026/09/27 09:56:27.672, 0, 26, 1980 MHz, 114.60 W, 0 %, 74913 MiB
2026/09/27 09:56:27.672, 1, 28, 1980 MHz, 118.18 W, 0 %, 74891 MiB
2026/09/27 09:56:29.673, 0, 26, 1980 MHz, 123.25 W, 0 %, 74917 MiB
2026/09/27 09:56:29.673, 1, 28, 1980 MHz, 126.72 W, 0 %, 74895 MiB
2026/09/27 09:56:31.673, 0, 26, 1980 MHz, 114.76 W, 0 %, 74917 MiB
2026/09/27 09:56:31.673, 1, 28, 1980 MHz, 118.22 W, 0 %, 74895 MiB
2026/09/27 09:56:33.674, 0, 26, 1980 MHz, 114.73 W, 0 %, 74917 MiB
2026/09/27 09:56:33.674, 1, 28, 1980 MHz, 118.22 W, 0 %, 74895 MiB
2026/09/27 09:56:35.674, 0, 26, 1980 MHz, 122.76 W, 0 %, 74917 MiB
2026/09/27 09:56:35.674, 1, 28, 1980 MHz, 126.13 W, 0 %, 74895 MiB
2026/09/27 09:56:37.675, 0, 26, 1980 MHz, 116.17 W, 0 %, 74917 MiB
2026/09/27 09:56:37.675, 1, 28, 1980 MHz, 119.60 W, 0 %, 74895 MiB
2026/09/27 09:56:39.675, 0, 26, 1980 MHz, 114.66 W, 0 %, 74917 MiB
2026/09/27 09:56:39.676, 1, 28, 1980 MHz, 118.32 W, 0 %, 74895 MiB
2026/09/27 09:56:41.676, 0, 26, 1980 MHz, 114.65 W, 0 %, 74917 MiB
2026/09/27 09:56:41.676, 1, 28, 1980 MHz, 118.30 W, 0 %, 74895 MiB
2026/09/27 09:56:43.676, 0, 26, 1980 MHz, 117.07 W, 0 %, 74919 MiB
2026/09/27 09:56:43.677, 1, 28, 1980 MHz, 119.85 W, 0 %, 74897 MiB
2026/09/27 09:56:45.677, 0, 26, 1980 MHz, 114.62 W, 0 %, 74919 MiB
2026/09/27 09:56:45.677, 1, 28, 1980 MHz, 118.24 W, 0 %, 74897 MiB
2026/09/27 09:56:47.678, 0, 26, 1980 MHz, 118.04 W, 1 %, 74919 MiB
2026/09/27 09:56:47.678, 1, 28, 1980 MHz, 121.66 W, 0 %, 74897 MiB
2026/09/27 09:56:49.678, 0, 26, 1980 MHz, 114.70 W, 0 %, 74919 MiB
2026/09/27 09:56:49.678, 1, 28, 1980 MHz, 118.21 W, 0 %, 74897 MiB
2026/09/27 09:56:51.679, 0, 27, 1980 MHz, 117.99 W, 4 %, 74919 MiB
2026/09/27 09:56:51.679, 1, 28, 1980 MHz, 121.70 W, 0 %, 74897 MiB
2026/09/27 09:56:53.679, 0, 26, 1980 MHz, 114.58 W, 0 %, 74919 MiB
2026/09/27 09:56:53.679, 1, 28, 1980 MHz, 118.27 W, 0 %, 74897 MiB
2026/09/27 09:56:55.679, 0, 26, 1980 MHz, 116.33 W, 0 %, 74921 MiB
2026/09/27 09:56:55.680, 1, 28, 1980 MHz, 119.96 W, 0 %, 74897 MiB
2026/09/27 09:56:57.680, 0, 26, 1980 MHz, 116.77 W, 7 %, 74921 MiB
2026/09/27 09:56:57.680, 1, 28, 1980 MHz, 120.48 W, 0 %, 74897 MiB
2026/09/27 09:56:59.680, 0, 26, 1980 MHz, 114.68 W, 0 %, 74921 MiB
2026/09/27 09:56:59.680, 1, 28, 1980 MHz, 118.34 W, 0 %, 74897 MiB
2026/09/27 09:57:01.681, 0, 26, 1980 MHz, 114.75 W, 0 %, 74921 MiB
2026/09/27 09:57:01.681, 1, 28, 1980 MHz, 118.30 W, 0 %, 74897 MiB
2026/09/27 09:57:03.681, 0, 26, 1980 MHz, 118.59 W, 0 %, 74921 MiB
2026/09/27 09:57:03.681, 1, 28, 1980 MHz, 122.00 W, 0 %, 74897 MiB
2026/09/27 09:57:05.682, 0, 26, 1980 MHz, 114.71 W, 0 %, 74921 MiB
2026/09/27 09:57:05.682, 1, 28, 1980 MHz, 118.31 W, 0 %, 74897 MiB
2026/09/27 09:57:07.682, 0, 27, 1980 MHz, 116.20 W, 12 %, 74921 MiB
2026/09/27 09:57:07.682, 1, 28, 1980 MHz, 120.69 W, 18 %, 74897 MiB
2026/09/27 09:57:09.683, 0, 26, 1980 MHz, 114.68 W, 0 %, 74921 MiB
2026/09/27 09:57:09.683, 1, 28, 1980 MHz, 118.27 W, 0 %, 74897 MiB
2026/09/27 09:57:11.683, 0, 26, 1980 MHz, 114.66 W, 0 %, 74921 MiB
2026/09/27 09:57:11.684, 1, 28, 1980 MHz, 118.22 W, 0 %, 74897 MiB
2026/09/27 09:57:13.684, 0, 26, 1980 MHz, 114.68 W, 0 %, 74921 MiB
2026/09/27 09:57:13.684, 1, 28, 1980 MHz, 118.24 W, 0 %, 74897 MiB
2026/09/27 09:57:15.685, 0, 26, 1980 MHz, 114.66 W, 0 %, 74921 MiB
2026/09/27 09:57:15.685, 1, 28, 1980 MHz, 118.25 W, 0 %, 74897 MiB
2026/09/27 09:57:17.685, 0, 26, 1980 MHz, 114.65 W, 0 %, 74921 MiB
2026/09/27 09:57:17.685, 1, 28, 1980 MHz, 118.22 W, 0 %, 74897 MiB
2026/09/27 09:57:19.686, 0, 26, 1980 MHz, 114.58 W, 0 %, 74921 MiB
2026/09/27 09:57:19.686, 1, 28, 1980 MHz, 118.22 W, 0 %, 74897 MiB
2026/09/27 09:57:21.686, 0, 26, 1980 MHz, 114.62 W, 0 %, 74921 MiB
2026/09/27 09:57:21.686, 1, 28, 1980 MHz, 118.17 W, 0 %, 74897 MiB
2026/09/27 09:57:23.687, 0, 26, 1980 MHz, 116.53 W, 3 %, 74921 MiB
2026/09/27 09:57:23.687, 1, 28, 1980 MHz, 120.06 W, 0 %, 74897 MiB
2026/09/27 09:57:25.687, 0, 26, 1980 MHz, 114.62 W, 0 %, 74919 MiB
2026/09/27 09:57:25.687, 1, 28, 1980 MHz, 118.26 W, 0 %, 74897 MiB
2026/09/27 09:57:27.688, 0, 26, 1980 MHz, 118.63 W, 0 %, 74921 MiB
2026/09/27 09:57:27.688, 1, 28, 1980 MHz, 121.76 W, 0 %, 74897 MiB
2026/09/27 09:57:29.688, 0, 26, 1980 MHz, 114.65 W, 0 %, 74921 MiB
2026/09/27 09:57:29.689, 1, 28, 1980 MHz, 118.17 W, 0 %, 74897 MiB
2026/09/27 09:57:31.689, 0, 26, 1980 MHz, 117.81 W, 0 %, 74921 MiB
2026/09/27 09:57:31.689, 1, 28, 1980 MHz, 121.16 W, 0 %, 74897 MiB
2026/09/27 09:57:33.689, 0, 26, 1980 MHz, 114.68 W, 0 %, 74921 MiB
2026/09/27 09:57:33.690, 1, 28, 1980 MHz, 118.27 W, 0 %, 74897 MiB
2026/09/27 09:57:35.690, 0, 26, 1980 MHz, 116.49 W, 0 %, 1937 MiB
2026/09/27 09:57:35.690, 1, 28, 1980 MHz, 118.18 W, 0 %, 74895 MiB
2026/09/27 09:57:37.691, 0, 26, 1980 MHz, 118.73 W, 0 %, 22 MiB
2026/09/27 09:57:37.712, 1, 28, 1980 MHz, 122.43 W, 0 %, 0 MiB
2026/09/27 09:57:39.712, 0, 26, 1980 MHz, 114.46 W, 0 %, 73539 MiB
2026/09/27 09:57:39.713, 1, 27, 345 MHz, 70.12 W, 0 %, 0 MiB
2026/09/27 09:57:41.713, 0, 26, 1980 MHz, 114.48 W, 1 %, 73539 MiB
2026/09/27 09:57:41.713, 1, 26, 345 MHz, 69.97 W, 0 %, 0 MiB
2026/09/27 09:57:43.713, 0, 26, 1980 MHz, 114.45 W, 0 %, 73541 MiB
2026/09/27 09:57:43.713, 1, 26, 345 MHz, 69.97 W, 0 %, 0 MiB
2026/09/27 09:57:45.714, 0, 26, 1980 MHz, 114.65 W, 0 %, 73543 MiB
2026/09/27 09:57:45.714, 1, 26, 345 MHz, 69.94 W, 0 %, 0 MiB
2026/09/27 09:57:47.714, 0, 26, 1980 MHz, 114.69 W, 0 %, 73545 MiB
2026/09/27 09:57:47.714, 1, 26, 345 MHz, 69.87 W, 0 %, 0 MiB
2026/09/27 09:57:49.715, 0, 26, 1980 MHz, 114.61 W, 0 %, 73545 MiB
2026/09/27 09:57:49.715, 1, 26, 345 MHz, 69.84 W, 0 %, 0 MiB
2026/09/27 09:57:51.715, 0, 26, 1980 MHz, 114.54 W, 0 %, 73545 MiB
2026/09/27 09:57:51.715, 1, 26, 345 MHz, 69.90 W, 0 %, 0 MiB
2026/09/27 09:57:53.716, 0, 26, 1980 MHz, 114.71 W, 0 %, 73545 MiB
2026/09/27 09:57:53.716, 1, 26, 345 MHz, 69.89 W, 0 %, 0 MiB
2026/09/27 09:57:55.716, 0, 26, 1980 MHz, 114.63 W, 0 %, 73545 MiB
2026/09/27 09:57:55.717, 1, 26, 345 MHz, 69.84 W, 0 %, 0 MiB
2026/09/27 09:57:57.717, 0, 26, 1980 MHz, 114.68 W, 0 %, 73545 MiB
2026/09/27 09:57:57.717, 1, 26, 345 MHz, 69.86 W, 0 %, 0 MiB
2026/09/27 09:57:59.718, 0, 29, 1980 MHz, 159.17 W, 94 %, 73547 MiB
2026/09/27 09:57:59.718, 1, 26, 345 MHz, 70.04 W, 0 %, 0 MiB
2026/09/27 09:58:01.718, 0, 26, 1980 MHz, 114.94 W, 0 %, 73547 MiB
2026/09/27 09:58:01.718, 1, 26, 345 MHz, 69.91 W, 0 %, 0 MiB
2026/09/27 09:58:03.719, 0, 26, 1980 MHz, 114.86 W, 0 %, 73547 MiB
2026/09/27 09:58:03.719, 1, 26, 345 MHz, 69.94 W, 0 %, 0 MiB
2026/09/27 09:58:05.719, 0, 27, 1980 MHz, 118.12 W, 100 %, 0 MiB
2026/09/27 09:58:05.788, 1, 26, 345 MHz, 69.96 W, 0 %, 0 MiB
2026/09/27 09:58:07.791, 0, 26, 1980 MHz, 116.32 W, 0 %, 73537 MiB
2026/09/27 09:58:07.791, 1, 26, 345 MHz, 69.93 W, 0 %, 0 MiB
2026/09/27 09:58:09.791, 0, 26, 1980 MHz, 114.68 W, 0 %, 73541 MiB
2026/09/27 09:58:09.792, 1, 26, 345 MHz, 69.92 W, 0 %, 0 MiB
2026/09/27 09:58:11.792, 0, 26, 1980 MHz, 114.72 W, 0 %, 73541 MiB
2026/09/27 09:58:11.792, 1, 26, 345 MHz, 69.97 W, 0 %, 0 MiB
2026/09/27 09:58:13.792, 0, 26, 1980 MHz, 114.85 W, 0 %, 73543 MiB
2026/09/27 09:58:13.792, 1, 26, 345 MHz, 69.92 W, 0 %, 0 MiB
2026/09/27 09:58:15.793, 0, 26, 1980 MHz, 114.79 W, 0 %, 73545 MiB
2026/09/27 09:58:15.793, 1, 26, 345 MHz, 69.86 W, 0 %, 0 MiB
2026/09/27 09:58:17.793, 0, 26, 1980 MHz, 114.82 W, 0 %, 73545 MiB
2026/09/27 09:58:17.794, 1, 26, 345 MHz, 69.90 W, 0 %, 0 MiB
2026/09/27 09:58:19.794, 0, 26, 1980 MHz, 114.86 W, 0 %, 73545 MiB
2026/09/27 09:58:19.794, 1, 26, 345 MHz, 69.89 W, 0 %, 0 MiB
2026/09/27 09:58:21.794, 0, 26, 1980 MHz, 114.79 W, 0 %, 73545 MiB
2026/09/27 09:58:21.795, 1, 26, 345 MHz, 69.83 W, 0 %, 0 MiB
2026/09/27 09:58:23.795, 0, 26, 1980 MHz, 114.72 W, 0 %, 73545 MiB
2026/09/27 09:58:23.795, 1, 26, 345 MHz, 69.87 W, 0 %, 0 MiB
2026/09/27 09:58:25.796, 0, 26, 1980 MHz, 114.81 W, 0 %, 73545 MiB
2026/09/27 09:58:25.796, 1, 26, 345 MHz, 69.89 W, 0 %, 0 MiB
2026/09/27 09:58:27.796, 0, 27, 1980 MHz, 199.85 W, 0 %, 73567 MiB
2026/09/27 09:58:27.797, 1, 26, 345 MHz, 69.76 W, 0 %, 0 MiB
2026/09/27 09:58:29.797, 0, 26, 1980 MHz, 114.83 W, 0 %, 73567 MiB
2026/09/27 09:58:29.797, 1, 26, 345 MHz, 69.80 W, 0 %, 0 MiB
2026/09/27 09:58:31.797, 0, 26, 1980 MHz, 114.84 W, 0 %, 73567 MiB
2026/09/27 09:58:31.798, 1, 26, 345 MHz, 69.81 W, 0 %, 0 MiB
2026/09/27 09:58:33.798, 0, 26, 1980 MHz, 120.33 W, 0 %, 4 MiB
2026/09/27 09:58:33.799, 1, 26, 345 MHz, 69.82 W, 0 %, 4 MiB
2026/09/27 09:58:35.809, 0, 26, 1980 MHz, 114.60 W, 0 %, 73541 MiB
2026/09/27 09:58:35.810, 1, 27, 1980 MHz, 117.73 W, 0 %, 535 MiB
2026/09/27 09:58:37.810, 0, 26, 1980 MHz, 114.58 W, 0 %, 73541 MiB
2026/09/27 09:58:37.810, 1, 27, 1980 MHz, 117.89 W, 0 %, 535 MiB
2026/09/27 09:58:39.810, 0, 26, 1980 MHz, 114.49 W, 0 %, 73541 MiB
2026/09/27 09:58:39.810, 1, 27, 1980 MHz, 117.87 W, 0 %, 535 MiB
2026/09/27 09:58:41.811, 0, 26, 1980 MHz, 114.68 W, 0 %, 73545 MiB
2026/09/27 09:58:41.811, 1, 27, 1980 MHz, 117.90 W, 0 %, 535 MiB
2026/09/27 09:58:43.811, 0, 26, 1980 MHz, 114.73 W, 0 %, 73547 MiB
2026/09/27 09:58:43.811, 1, 27, 1980 MHz, 117.94 W, 0 %, 535 MiB
2026/09/27 09:58:45.812, 0, 26, 1980 MHz, 114.72 W, 0 %, 73547 MiB
2026/09/27 09:58:45.812, 1, 27, 1980 MHz, 117.97 W, 0 %, 535 MiB
2026/09/27 09:58:47.812, 0, 26, 1980 MHz, 114.66 W, 0 %, 73547 MiB
2026/09/27 09:58:47.813, 1, 27, 1980 MHz, 117.97 W, 0 %, 535 MiB
2026/09/27 09:58:49.813, 0, 26, 1980 MHz, 114.70 W, 0 %, 73547 MiB
2026/09/27 09:58:49.813, 1, 27, 1980 MHz, 118.02 W, 0 %, 535 MiB
2026/09/27 09:58:51.813, 0, 26, 1980 MHz, 114.62 W, 0 %, 73547 MiB
2026/09/27 09:58:51.813, 1, 27, 1980 MHz, 118.00 W, 0 %, 535 MiB
2026/09/27 09:58:53.814, 0, 26, 1980 MHz, 120.68 W, 1 %, 73741 MiB
2026/09/27 09:58:53.814, 1, 28, 1980 MHz, 123.95 W, 0 %, 73613 MiB
2026/09/27 09:58:55.814, 0, 26, 1980 MHz, 114.76 W, 0 %, 74463 MiB
2026/09/27 09:58:55.815, 1, 28, 1980 MHz, 118.15 W, 0 %, 74439 MiB
2026/09/27 09:58:57.815, 0, 26, 1980 MHz, 114.63 W, 0 %, 74463 MiB
2026/09/27 09:58:57.815, 1, 28, 1980 MHz, 118.18 W, 0 %, 74439 MiB
2026/09/27 09:58:59.815, 0, 26, 1980 MHz, 114.58 W, 0 %, 74463 MiB
2026/09/27 09:58:59.816, 1, 28, 1980 MHz, 118.12 W, 0 %, 74439 MiB
2026/09/27 09:59:01.816, 0, 27, 1980 MHz, 157.80 W, 1 %, 74913 MiB
2026/09/27 09:59:01.816, 1, 28, 1980 MHz, 158.38 W, 0 %, 74891 MiB
2026/09/27 09:59:03.816, 0, 27, 1980 MHz, 118.88 W, 0 %, 74913 MiB
2026/09/27 09:59:03.817, 1, 28, 1980 MHz, 122.74 W, 0 %, 74891 MiB
2026/09/27 09:59:05.817, 0, 26, 1980 MHz, 115.31 W, 0 %, 74913 MiB
2026/09/27 09:59:05.817, 1, 28, 1980 MHz, 118.83 W, 0 %, 74891 MiB
2026/09/27 09:59:07.817, 0, 26, 1980 MHz, 114.79 W, 0 %, 74913 MiB
2026/09/27 09:59:07.817, 1, 28, 1980 MHz, 118.25 W, 0 %, 74891 MiB
2026/09/27 09:59:09.818, 0, 27, 1980 MHz, 120.50 W, 0 %, 1 MiB
2026/09/27 09:59:09.848, 1, 28, 1980 MHz, 125.06 W, 0 %, 1 MiB
2026/09/27 09:59:11.849, 0, 26, 1980 MHz, 114.64 W, 0 %, 73543 MiB
2026/09/27 09:59:11.849, 1, 28, 1980 MHz, 118.19 W, 0 %, 535 MiB
2026/09/27 09:59:13.849, 0, 26, 1980 MHz, 114.55 W, 0 %, 73543 MiB
2026/09/27 09:59:13.849, 1, 28, 1980 MHz, 118.19 W, 0 %, 535 MiB
2026/09/27 09:59:15.850, 0, 26, 1980 MHz, 114.51 W, 0 %, 73543 MiB
2026/09/27 09:59:15.850, 1, 28, 1980 MHz, 118.19 W, 0 %, 535 MiB
2026/09/27 09:59:17.850, 0, 26, 1980 MHz, 114.70 W, 0 %, 73545 MiB
2026/09/27 09:59:17.850, 1, 28, 1980 MHz, 118.20 W, 0 %, 535 MiB
2026/09/27 09:59:19.851, 0, 26, 1980 MHz, 114.66 W, 0 %, 73547 MiB
2026/09/27 09:59:19.851, 1, 28, 1980 MHz, 118.15 W, 0 %, 535 MiB
2026/09/27 09:59:21.851, 0, 26, 1980 MHz, 114.76 W, 0 %, 73547 MiB
2026/09/27 09:59:21.852, 1, 28, 1980 MHz, 118.15 W, 0 %, 535 MiB
2026/09/27 09:59:23.852, 0, 26, 1980 MHz, 114.65 W, 0 %, 73547 MiB
2026/09/27 09:59:23.852, 1, 28, 1980 MHz, 118.18 W, 0 %, 535 MiB
2026/09/27 09:59:25.852, 0, 26, 1980 MHz, 114.74 W, 0 %, 73547 MiB
2026/09/27 09:59:25.853, 1, 28, 1980 MHz, 118.15 W, 0 %, 535 MiB
2026/09/27 09:59:27.853, 0, 26, 1980 MHz, 114.68 W, 0 %, 73547 MiB
2026/09/27 09:59:27.853, 1, 28, 1980 MHz, 118.16 W, 0 %, 535 MiB
2026/09/27 09:59:29.853, 0, 26, 1980 MHz, 114.75 W, 0 %, 73547 MiB
2026/09/27 09:59:29.854, 1, 28, 1980 MHz, 118.18 W, 0 %, 73517 MiB
2026/09/27 09:59:31.854, 0, 27, 1980 MHz, 116.34 W, 0 %, 74463 MiB
2026/09/27 09:59:31.854, 1, 28, 1980 MHz, 119.16 W, 1 %, 74439 MiB
2026/09/27 09:59:33.854, 0, 26, 1980 MHz, 114.72 W, 0 %, 74463 MiB
2026/09/27 09:59:33.854, 1, 28, 1980 MHz, 118.20 W, 0 %, 74439 MiB
2026/09/27 09:59:35.855, 0, 26, 1980 MHz, 114.70 W, 0 %, 74463 MiB
2026/09/27 09:59:35.855, 1, 28, 1980 MHz, 118.28 W, 0 %, 74439 MiB
2026/09/27 09:59:37.855, 0, 27, 1980 MHz, 176.36 W, 1 %, 74913 MiB
2026/09/27 09:59:37.855, 1, 29, 1980 MHz, 185.71 W, 0 %, 74891 MiB
