case,z,y,x,cells,cpml_cells,shell_fraction_approx,monitor_type,steps,presteps,fusion_override,samples,median_gcups,raw_json
full_field_64_256_1024,64,256,1024,16777216,12,0.446868896484375,field,256,0,auto,5,7.864864264317754,rtx3090-2026-09-18-shapes/full_field_64_256_1024.json
volume_128_256_256,128,256,256,8388608,12,0.33270263671875,mode,256,0,auto,5,8.149618591148927,rtx3090-2026-09-18-shapes/volume_128_256_256.json
alignment_x_536,128,256,536,17563648,12,0.29664179104477617,mode,256,0,auto,5,8.678003584433373,rtx3090-2026-09-18-shapes/alignment_x_536.json
alignment_x_513,128,256,513,16809984,12,0.29811997441520466,mode,256,0,auto,5,8.540088611958147,rtx3090-2026-09-18-shapes/alignment_x_513.json
alignment_y_257,128,257,512,16842752,12,0.2979047604571984,mode,256,0,auto,5,8.497254827444412,rtx3090-2026-09-18-shapes/alignment_y_257.json
aspect_64_1024_256,64,1024,256,16777216,12,0.446868896484375,mode,256,0,auto,5,7.090261579644604,rtx3090-2026-09-18-shapes/aspect_64_1024_256.json
volume_64_128_256,64,128,256,2097152,12,0.539794921875,mode,256,0,auto,5,6.672491795216909,rtx3090-2026-09-18-shapes/volume_64_128_256.json
aspect_1024_64_256,1024,64,256,16777216,12,0.446868896484375,mode,256,0,auto,5,8.311286158027162,rtx3090-2026-09-18-shapes/aspect_1024_64_256.json
alignment_x_520,128,256,520,17039360,12,0.29765625000000007,mode,256,0,auto,5,8.696882305888096,rtx3090-2026-09-18-shapes/alignment_x_520.json
alignment_y_255,128,255,512,16711680,12,0.2984719669117647,mode,256,0,auto,5,8.468166926637355,rtx3090-2026-09-18-shapes/alignment_y_255.json
alignment_z_129,129,256,512,16908288,12,0.29693177688953487,mode,256,0,auto,5,8.474172838864519,rtx3090-2026-09-18-shapes/alignment_z_129.json
volume_256_256_256,256,256,256,16777216,12,0.255706787109375,mode,256,0,auto,5,8.826932611314689,rtx3090-2026-09-18-shapes/volume_256_256_256.json
developed,128,256,512,16777216,12,0.298187255859375,mode,256,1024,auto,5,8.487053946193456,rtx3090-2026-09-18-shapes/developed.json
alignment_x_504,128,256,504,16515072,12,0.29873511904761907,mode,256,0,auto,5,8.761394909013555,rtx3090-2026-09-18-shapes/alignment_x_504.json
long,128,256,512,16777216,12,0.298187255859375,mode,1024,0,auto,5,8.543685291091881,rtx3090-2026-09-18-shapes/long.json
aspect_256_64_1024,256,64,1024,16777216,12,0.446868896484375,mode,256,0,auto,5,8.35068854920088,rtx3090-2026-09-18-shapes/aspect_256_64_1024.json
volume_128_256_768,128,256,768,25165824,12,0.28668212890625,mode,256,0,auto,5,8.66434592510658,rtx3090-2026-09-18-shapes/volume_128_256_768.json
aspect_256_1024_64,256,1024,64,16777216,12,0.446868896484375,mode,256,0,auto,5,6.951389431511642,rtx3090-2026-09-18-shapes/aspect_256_1024_64.json
full_field_128_256_512,128,256,512,16777216,12,0.298187255859375,field,256,0,auto,5,8.328320506971995,rtx3090-2026-09-18-shapes/full_field_128_256_512.json
aspect_1024_256_64,1024,256,64,16777216,12,0.446868896484375,mode,256,0,auto,5,6.993683751811365,rtx3090-2026-09-18-shapes/aspect_1024_256_64.json
alignment_z_127,127,256,512,16646144,12,0.2994625061515749,mode,256,0,auto,5,8.84009444053015,rtx3090-2026-09-18-shapes/alignment_z_127.json
aspect_64_256_1024,64,256,1024,16777216,12,0.446868896484375,mode,256,0,auto,5,8.136552525207692,rtx3090-2026-09-18-shapes/aspect_64_256_1024.json
full_field_1024_256_64,1024,256,64,16777216,12,0.446868896484375,field,256,0,auto,5,5.463994058643336,rtx3090-2026-09-18-shapes/full_field_1024_256_64.json
volume_128_256_512,128,256,512,16777216,12,0.298187255859375,mode,256,0,auto,5,8.80609531177635,rtx3090-2026-09-18-shapes/volume_128_256_512.json
alignment_x_511,128,256,511,16744448,12,0.29825480063600784,mode,256,0,auto,5,8.816781123517956,rtx3090-2026-09-18-shapes/alignment_x_511.json
volume_128_128_256,128,128,256,4194304,12,0.4017333984375,mode,256,0,auto,5,7.883991176542027,rtx3090-2026-09-18-shapes/volume_128_128_256.json
alignment_x_544,128,256,544,17825792,12,0.2961569393382353,mode,256,0,auto,5,8.495998514657554,rtx3090-2026-09-18-shapes/alignment_x_544.json
scale_96_192_384,96,192,384,7077888,12,0.384765625,mode,256,0,auto,7,7.937301040847239,rtx3090-2026-09-18-shapes-checks/scale_96_192_384.json
volume_128_256_512,128,256,512,16777216,12,0.298187255859375,mode,256,0,auto,7,8.575995683465129,rtx3090-2026-09-18-shapes-checks/volume_128_256_512.json
scale_144_288_576,144,288,576,23887872,12,0.2679398148148149,mode,256,0,auto,7,8.468327642201789,rtx3090-2026-09-18-shapes-checks/scale_144_288_576.json
aspect_1024_64_256,1024,64,256,16777216,12,0.446868896484375,mode,256,0,auto,7,7.974129316770222,rtx3090-2026-09-18-shapes-checks/aspect_1024_64_256.json
alignment_z_127,127,256,512,16646144,12,0.2994625061515749,mode,256,0,auto,7,8.482425002676178,rtx3090-2026-09-18-shapes-checks/alignment_z_127.json
dispatch_1024_64_256_on,1024,64,256,16777216,12,0.446868896484375,mode,256,0,1,7,7.325277076536493,rtx3090-2026-09-18-shapes-checks/dispatch_1024_64_256_on.json
dispatch_1024_256_64_on,1024,256,64,16777216,12,0.446868896484375,mode,256,0,1,7,5.734250524402824,rtx3090-2026-09-18-shapes-checks/dispatch_1024_256_64_on.json
dispatch_64_256_1024_off,64,256,1024,16777216,12,0.446868896484375,mode,256,0,0,7,7.609086622557375,rtx3090-2026-09-18-shapes-checks/dispatch_64_256_1024_off.json
dispatch_64_1024_256_on,64,1024,256,16777216,12,0.446868896484375,mode,256,0,1,7,7.408387750936432,rtx3090-2026-09-18-shapes-checks/dispatch_64_1024_256_on.json
aspect_64_1024_256,64,1024,256,16777216,12,0.446868896484375,mode,256,0,auto,7,7.378327774571799,rtx3090-2026-09-18-shapes-checks/aspect_64_1024_256.json
alignment_x_504,128,256,504,16515072,12,0.29873511904761907,mode,256,0,auto,7,8.686510803995356,rtx3090-2026-09-18-shapes-checks/alignment_x_504.json
irregular_71_479_503,71,479,503,17106527,12,0.40119844314395325,mode,256,0,auto,7,8.20420053278304,rtx3090-2026-09-18-shapes-irregular/irregular_71_479_503.json
irregular_97_289_593,97,289,593,16623569,12,0.33784947143420285,mode,256,0,auto,7,8.145548712624866,rtx3090-2026-09-18-shapes-irregular/irregular_97_289_593.json
