3.9999999999999998e-07,4.8786866721513783e-01,4.8355238173591113e+00
4.1327999999999995e-07,5.2134999999999998e-01,5.0007999999999999e+00
4.4280000000000002e-07,6.0790000000000000e-01,5.3676000000000004e+00
4.7686999999999995e-07,7.2780000000000000e-01,5.7781000000000002e+00
5.1659999999999995e-07,8.7339999999999995e-01,6.2417999999999996e+00
5.6357000000000001e-07,1.0728000000000000e+00,6.7839000000000000e+00
6.1992999999999997e-07,1.3660000000000001e+00,7.4051999999999998e+00
6.5224999999999998e-07,1.5724000000000000e+00,7.7354000000000003e+00
6.8881000000000004e-07,1.8301000000000001e+00,8.0601000000000003e+00
6.9999999999999997e-07,1.9213933843495430e+00,8.1419740064181685e+00
