3.9999999999999998e-07,5.0631484890985581e+00,1.9032553688039584e+00
4.0199999999999997e-07,5.0617427643856150e+00,1.8735298043665409e+00
4.0399999999999996e-07,5.0599479886315057e+00,1.8445128593066664e+00
4.0599999999999996e-07,5.0577938837093619e+00,1.8161896566504139e+00
4.0800000000000000e-07,5.0553083476777827e+00,1.7885450287939406e+00
4.0999999999999999e-07,5.0525175464686560e+00,1.7615636087966404e+00
4.1199999999999998e-07,5.0494460037779287e+00,1.7352299109054596e+00
4.1399999999999997e-07,5.0461166886909483e+00,1.7095284012774992e+00
4.1599999999999997e-07,5.0425511006790913e+00,1.6844435598090803e+00
4.1799999999999996e-07,5.0387693516944934e+00,1.6599599339192703e+00
4.2000000000000000e-07,5.0347902451663487e+00,1.6360621850755162e+00
4.2199999999999999e-07,5.0306313517669672e+00,1.6127351287897476e+00
4.2399999999999999e-07,5.0263090818700009e+00,1.5899637687556596e+00
4.2599999999999998e-07,5.0218387546683489e+00,1.5677333257426671e+00
4.2799999999999997e-07,5.0172346639562688e+00,1.5460292618093587e+00
4.2999999999999996e-07,5.0125101406103898e+00,1.5248373003496847e+00
4.3199999999999995e-07,5.0076776118285000e+00,1.5041434424384905e+00
4.3400000000000000e-07,5.0027486572040374e+00,1.4839339798996376e+00
4.3599999999999999e-07,4.9977340617289707e+00,1.4641955054796083e+00
4.3799999999999998e-07,4.9926438658287582e+00,1.4449149204722735e+00
4.3999999999999997e-07,4.9874874125410251e+00,1.4260794401062404e+00
4.4199999999999996e-07,4.9822733919549824e+00,1.4076765969747305e+00
4.4400000000000001e-07,4.9770098830317124e+00,1.3896942427591994e+00
4.4600000000000000e-07,4.9717043929269567e+00,1.3721205484716981e+00
4.4799999999999999e-07,4.9663638939379355e+00,1.3549440034170794e+00
4.4999999999999998e-07,4.9609948581945664e+00,1.3381534130545483e+00
4.5199999999999997e-07,4.9556032902132898e+00,1.3217378959184056e+00
4.5399999999999996e-07,4.9501947574288634e+00,1.3056868797401122e+00
4.5599999999999995e-07,4.9447744188160483e+00,1.2899900968978082e+00
4.5800000000000000e-07,4.9393470517092979e+00,1.2746375793049978e+00
4.5999999999999999e-07,4.9339170769243852e+00,1.2596196528371442e+00
4.6199999999999998e-07,4.9284885822816147e+00,1.2449269313832765e+00
4.6399999999999997e-07,4.9230653446257939e+00,1.2305503105992770e+00
4.6599999999999996e-07,4.9176508504336640e+00,1.2164809614301331e+00
4.6799999999999996e-07,4.9122483150949749e+00,1.2027103234601175e+00
4.6999999999999995e-07,4.9068607009489860e+00,1.1892300981423400e+00
4.7199999999999999e-07,4.9014907341537937e+00,1.1760322419524880e+00
4.7399999999999998e-07,4.8961409204616642e+00,1.1631089595056154e+00
4.7599999999999997e-07,4.8908135599694118e+00,1.1504526966695452e+00
4.7799999999999991e-07,4.8855107609089430e+00,1.1380561337037922e+00
4.7999999999999996e-07,4.8802344525392103e+00,1.1259121784486996e+00
4.8200000000000000e-07,4.8749863971972580e+00,1.1140139595858347e+00
4.8399999999999994e-07,4.8697682015624686e+00,1.1023548199873912e+00
4.8599999999999998e-07,4.8645813271848981e+00,1.0909283101694827e+00
4.8800000000000003e-07,4.8594271003253757e+00,1.0797281818616513e+00
4.8999999999999997e-07,4.8543067211520956e+00,1.0687483817026875e+00
4.9200000000000001e-07,4.8492212723356207e+00,1.0579830450708774e+00
4.9399999999999995e-07,4.8441717270815214e+00,1.0474264900550856e+00
4.9599999999999999e-07,4.8391589566374060e+00,1.0370732115715486e+00
4.9799999999999993e-07,4.8341837373087131e+00,1.0269178756299628e+00
4.9999999999999998e-07,4.8292467570154249e+00,1.0169553137512741e+00
5.0200000000000002e-07,4.8243486214197580e+00,1.0071805175386195e+00
5.0399999999999996e-07,4.8194898596529638e+00,9.9758863340197290e-01
5.0600000000000000e-07,4.8146709296674901e+00,9.8817495743633676e-01
5.0799999999999994e-07,4.8098922232390686e+00,9.7893493045267965e-01
5.0999999999999999e-07,4.8051540706416587e+00,9.6986413316026310e-01
5.1199999999999993e-07,4.8004567450166808e+00,9.6095828149857687e-01
5.1399999999999997e-07,4.7958004664565479e+00,9.5221322211668313e-01
5.1600000000000001e-07,4.7911854058211985e+00,9.4362492799748121e-01
5.1799999999999995e-07,4.7866116883050784e+00,9.3518949422410669e-01
5.2000000000000000e-07,4.7820793967708779e+00,9.2690313388551238e-01
5.2199999999999994e-07,4.7775885748652609e+00,9.1876217411805705e-01
5.2399999999999998e-07,4.7731392299307860e+00,9.1076305227983667e-01
5.2599999999999992e-07,4.7687313357273142e+00,9.0290231225437412e-01
5.2799999999999996e-07,4.7643648349752894e+00,8.9517660088021800e-01
5.3000000000000001e-07,4.7600396417324733e+00,8.8758266450296097e-01
5.3199999999999995e-07,4.7557556436149540e+00,8.8011734564616084e-01
5.3399999999999999e-07,4.7515127038725327e+00,8.7277757979764414e-01
5.3599999999999993e-07,4.7473106633278963e+00,8.6556039230768911e-01
5.3799999999999997e-07,4.7431493421884250e+00,8.5846289539560483e-01
5.3999999999999991e-07,4.7390285417388380e+00,8.5148228526126302e-01
5.4199999999999996e-07,4.7349480459223727e+00,8.4461583929818296e-01
5.4400000000000000e-07,4.7309076228176963e+00,8.3786091340483981e-01
5.4599999999999994e-07,4.7269070260182460e+00,8.3121493939090463e-01
5.4799999999999998e-07,4.7229459959202842e+00,8.2467542247521286e-01
5.4999999999999992e-07,4.7190242609255240e+00,8.1823993887232083e-01
5.5199999999999997e-07,4.7151415385638096e+00,8.1190613346458607e-01
5.5399999999999991e-07,4.7112975365409842e+00,8.0567171755678790e-01
5.5599999999999995e-07,4.7074919537167048e+00,7.9953446671037876e-01
5.5799999999999999e-07,4.7037244810167333e+00,7.9349221865454977e-01
5.5999999999999993e-07,4.6999948022838360e+00,7.8754287127136346e-01
5.6199999999999998e-07,4.6963025950712529e+00,7.8168438065228818e-01
5.6400000000000002e-07,4.6926475313823781e+00,7.7591475922357089e-01
5.6599999999999996e-07,4.6890292783600822e+00,7.7023207393794213e-01
5.6799999999999990e-07,4.6854474989288901e+00,7.6463444453023288e-01
5.6999999999999994e-07,4.6819018523930076e+00,7.5912004183458159e-01
5.7199999999999999e-07,4.6783919949930093e+00,7.5368708616096336e-01
5.7399999999999993e-07,4.6749175804238172e+00,7.4833384572886119e-01
5.7599999999999997e-07,4.6714782603164222e+00,7.4305863515597981e-01
5.7800000000000001e-07,4.6680736846856643e+00,7.3785981399996636e-01
5.7999999999999995e-07,4.6647035023462173e+00,7.3273578535117934e-01
5.8199999999999989e-07,4.6613673612988062e+00,7.2768499447461477e-01
5.8399999999999994e-07,4.6580649090885382e+00,7.2270592749917606e-01
5.8599999999999998e-07,4.6547957931371284e+00,7.1779711015252312e-01
5.8799999999999992e-07,4.6515596610506824e+00,7.1295710653981592e-01
5.8999999999999996e-07,4.6483561609045685e+00,7.0818451796472237e-01
5.9200000000000001e-07,4.6451849415068747e+00,7.0347798179112631e-01
5.9399999999999995e-07,4.6420456526417677e+00,6.9883617034402634e-01
5.9599999999999999e-07,4.6389379452940798e+00,6.9425778984816300e-01
5.9799999999999993e-07,4.6358614718562885e+00,6.8974157940299918e-01
5.9999999999999997e-07,4.6328158863190341e+00,6.8528630999268059e-01
6.0199999999999991e-07,4.6298008444462120e+00,6.8089078352970911e-01
6.0399999999999996e-07,4.6268160039356445e+00,6.7655383193106766e-01
6.0600000000000000e-07,4.6238610245662430e+00,6.7227431622560418e-01
6.0799999999999994e-07,4.6209355683325422e+00,6.6805112569152791e-01
6.0999999999999998e-07,4.6180392995674096e+00,6.6388317702290411e-01
6.1199999999999992e-07,4.6151718850536989e+00,6.5976941352408858e-01
6.1399999999999997e-07,4.6123329941255715e+00,6.5570880433107170e-01
6.1599999999999990e-07,4.6095222987601447e+00,6.5170034365875718e-01
6.1799999999999995e-07,4.6067394736600979e+00,6.4774305007321653e-01
6.1999999999999999e-07,4.6039841963278487e+00,6.4383596578802160e-01
6.2199999999999993e-07,4.6012561471318234e+00,6.3997815598377028e-01
6.2399999999999998e-07,4.5985550093653655e+00,6.3616870814996984e-01
6.2599999999999991e-07,4.5958804692987600e+00,6.3240673144846682e-01
6.2799999999999996e-07,4.5932322162248358e+00,6.2869135609764493e-01
6.2999999999999990e-07,4.5906099424985731e+00,6.2502173277664352e-01
6.3199999999999994e-07,4.5880133435711246e+00,6.2139703204887986e-01
6.3399999999999999e-07,4.5854421180186185e+00,6.1781644380417677e-01
6.3599999999999992e-07,4.5828959675661149e+00,6.1427917671884080e-01
6.3799999999999997e-07,4.5803745971070295e+00,6.1078445773303758e-01
6.4000000000000001e-07,4.5778777147183582e+00,6.0733153154486519e-01
6.4199999999999995e-07,4.5754050316719734e+00,6.0391966012051967e-01
6.4399999999999989e-07,4.5729562624422941e+00,6.0054812221999143e-01
6.4599999999999993e-07,4.5705311247105609e+00,5.9721621293774407e-01
6.4799999999999998e-07,4.5681293393659752e+00,5.9392324325784573e-01
6.4999999999999992e-07,4.5657506305039313e+00,5.9066853962305277e-01
6.5199999999999996e-07,4.5633947254215386e+00,5.8745144351734913e-01
6.5400000000000001e-07,4.5610613546106631e+00,5.8427131106148178e-01
6.5599999999999994e-07,4.5587502517486307e+00,5.8112751262103679e-01
6.5799999999999988e-07,4.5564611536868282e+00,5.7801943242661713e-01
6.5999999999999993e-07,4.5541938004373073e+00,5.7494646820571660e-01
6.6199999999999997e-07,4.5519479351575907e+00,5.7190803082587349e-01
6.6399999999999991e-07,4.5497233041338010e+00,5.6890354394872833e-01
6.6599999999999996e-07,4.5475196567622591e+00,5.6593244369460305e-01
6.6800000000000000e-07,4.5453367455296796e+00,5.6299417831725396e-01
6.6999999999999994e-07,4.5431743259920738e+00,5.6008820788844205e-01
6.7199999999999988e-07,4.5410321567524878e+00,5.5721400399199583e-01
6.7399999999999992e-07,4.5389099994376618e+00,5.5437104942704107e-01
6.7599999999999997e-07,4.5368076186737287e+00,5.5155883792009441e-01
6.7799999999999990e-07,4.5347247820610299e+00,5.4877687384571838e-01
6.7999999999999995e-07,4.5326612601481342e+00,5.4602467195545390e-01
6.8199999999999999e-07,4.5306168264051561e+00,5.4330175711475559e-01
6.8399999999999993e-07,4.5285912571964317e+00,5.4060766404766292e-01
6.8599999999999987e-07,4.5265843317526286e+00,5.3794193708895044e-01
6.8799999999999991e-07,4.5245958321423583e+00,5.3530412994351151e-01
6.8999999999999996e-07,4.5226255432433549e+00,5.3269380545273870e-01
6.9199999999999990e-07,4.5206732527132649e+00,5.3011053536767083e-01
6.9399999999999994e-07,4.5187387509601198e+00,5.2755390012868164e-01
6.9599999999999999e-07,4.5168218311125292e+00,5.2502348865150694e-01
6.9799999999999992e-07,4.5149222889896468e+00,5.2251889811939423e-01
6.9999999999999997e-07,4.5130399230709441e+00,5.2003973378118318e-01
