3.9999999999999998e-07,4.2717441860465115e+00,2.2055813953488372e+00
4.1329999999999998e-07,4.3799999999999999e+00,2.0200000000000000e+00
4.4280000000000002e-07,4.4699999999999998e+00,1.6399999999999999e+00
4.7689999999999994e-07,4.4900000000000002e+00,1.2800000000000000e+00
4.9599999999999999e-07,4.4699999999999998e+00,1.1200000000000001e+00
5.1659999999999995e-07,4.4600000000000000e+00,9.6899999999999997e-01
5.6359999999999999e-07,4.3600000000000003e+00,6.8999999999999995e-01
6.1989999999999999e-07,4.2300000000000004e+00,4.6100000000000002e-01
6.5259999999999990e-07,4.1699999999999999e+00,3.6299999999999999e-01
6.8879999999999997e-07,4.0899999999999999e+00,2.7100000000000002e-01
6.9999999999999997e-07,4.0678765432098762e+00,2.5108888888888892e-01
