3.9999999999999998e-07,1.9889602789921756e+00,1.5571304915370657e-02
4.0199999999999997e-07,1.9877677668472242e+00,1.5413113749023582e-02
4.0399999999999996e-07,1.9865989337321486e+00,1.5258297888210823e-02
4.0599999999999996e-07,1.9854531229169057e+00,1.5106750810857283e-02
4.0800000000000000e-07,1.9843297012399603e+00,1.4958370363959065e-02
4.0999999999999999e-07,1.9832280580679922e+00,1.4813058545063635e-02
4.1199999999999998e-07,1.9821476043100943e+00,1.4670721296580369e-02
4.1399999999999997e-07,1.9810877714831543e+00,1.4531268312059609e-02
4.1599999999999997e-07,1.9800480108253555e+00,1.4394612853643169e-02
4.1799999999999996e-07,1.9790277924549302e+00,1.4260671579948835e-02
4.2000000000000000e-07,1.9780266045714920e+00,1.4129364383706201e-02
4.2199999999999999e-07,1.9770439526974637e+00,1.4000614238511514e-02
4.2399999999999999e-07,1.9760793589572647e+00,1.3874347054114701e-02
4.2599999999999998e-07,1.9751323613920941e+00,1.3750491539695027e-02
4.2799999999999997e-07,1.9742025133082690e+00,1.3628979074619995e-02
4.2999999999999996e-07,1.9732893826572235e+00,1.3509743586218564e-02
4.3199999999999995e-07,1.9723925514453886e+00,1.3392721434132423e-02
4.3400000000000000e-07,1.9715116151722885e+00,1.3277851300839846e-02
4.3599999999999999e-07,1.9706461822952905e+00,1.3165074087974672e-02
4.3799999999999998e-07,1.9697958737195518e+00,1.3054332818088651e-02
4.3999999999999997e-07,1.9689603223117853e+00,1.2945572541529931e-02
4.4199999999999996e-07,1.9681391724365660e+00,1.2838740248132143e-02
4.4400000000000001e-07,1.9673320795139602e+00,1.2733784783429120e-02
4.4600000000000000e-07,1.9665387095973546e+00,1.2630656769129606e-02
4.4799999999999999e-07,1.9657587389704079e+00,1.2529308527603365e-02
4.4999999999999998e-07,1.9649918537621309e+00,1.2429694010146916e-02
4.5199999999999997e-07,1.9642377495791505e+00,1.2331768728811617e-02
4.5399999999999996e-07,1.9634961311542662e+00,1.2235489691591642e-02
4.5599999999999995e-07,1.9627667120104719e+00,1.2140815340781484e-02
4.5800000000000000e-07,1.9620492141396482e+00,1.2047705494325444e-02
4.5999999999999999e-07,1.9613433676951899e+00,1.1956121289992383e-02
4.6199999999999998e-07,1.9606489106978682e+00,1.1866025132219607e-02
4.6399999999999997e-07,1.9599655887542660e+00,1.1777380641479511e-02
4.6599999999999996e-07,1.9592931547871697e+00,1.1690152606031401e-02
4.6799999999999996e-07,1.9586313687773251e+00,1.1604306935929802e-02
4.6999999999999995e-07,1.9579799975160088e+00,1.1519810619167818e-02
4.7199999999999999e-07,1.9573388143678843e+00,1.1436631679842055e-02
4.7399999999999998e-07,1.9567075990436558e+00,1.1354739138231960e-02
4.7599999999999997e-07,1.9560861373820473e+00,1.1274102972692913e-02
4.7799999999999991e-07,1.9554742211406650e+00,1.1194694083268770e-02
4.7999999999999996e-07,1.9548716477953241e+00,1.1116484256934357e-02
4.8200000000000000e-07,1.9542782203474469e+00,1.1039446134384356e-02
4.8399999999999994e-07,1.9536937471391524e+00,1.0963553178289424e-02
4.8599999999999998e-07,1.9531180416756839e+00,1.0888779642945139e-02
4.8800000000000003e-07,1.9525509224548407e+00,1.0815100545243542e-02
4.8999999999999997e-07,1.9519922128030875e+00,1.0742491636901046e-02
4.9200000000000001e-07,1.9514417407180489e+00,1.0670929377880251e-02
4.9399999999999995e-07,1.9508993387170899e+00,1.0600390910946729e-02
4.9599999999999999e-07,1.9503648436917203e+00,1.0530854037304974e-02
4.9799999999999993e-07,1.9498380967675593e+00,1.0462297193261022e-02
4.9999999999999998e-07,1.9493189431696145e+00,1.0394699427861937e-02
5.0200000000000002e-07,1.9488072320926428e+00,1.0328040381465205e-02
5.0399999999999996e-07,1.9483028165763732e+00,1.0262300265193529e-02
5.0600000000000000e-07,1.9478055533853764e+00,1.0197459841233049e-02
5.0799999999999994e-07,1.9473153028933881e+00,1.0133500403935082e-02
5.0999999999999999e-07,1.9468319289718845e+00,1.0070403761683742e-02
5.1199999999999993e-07,1.9463552988827417e+00,1.0008152219493780e-02
5.1399999999999997e-07,1.9458852831747955e+00,9.9467285623047429e-03
5.1600000000000001e-07,1.9454217555841427e+00,9.8861160389394978e-03
5.1799999999999995e-07,1.9449645929380275e+00,9.8262983466965836e-03
5.2000000000000000e-07,1.9445136750621623e+00,9.7672596165478392e-03
5.2199999999999994e-07,1.9440688846913414e+00,9.7089843989135866e-03
5.2399999999999998e-07,1.9436301073832121e+00,9.6514576499898263e-03
5.2599999999999992e-07,1.9431972314350761e+00,9.5946647186024789e-03
5.2799999999999996e-07,1.9427701478035955e+00,9.5385913335655007e-03
5.3000000000000001e-07,1.9423487500272865e+00,9.4832235915205468e-03
5.3199999999999995e-07,1.9419329341516920e+00,9.4285479452370698e-03
5.3399999999999999e-07,1.9415225986571214e+00,9.3745511923528542e-03
5.3599999999999993e-07,1.9411176443888583e+00,9.3212204645358367e-03
5.3799999999999997e-07,1.9407179744897392e+00,9.2685432170490686e-03
5.3999999999999991e-07,1.9403234943350094e+00,9.2165072187016060e-03
5.4199999999999996e-07,1.9399341114693656e+00,9.1651005421688209e-03
5.4400000000000000e-07,1.9395497355461027e+00,9.1143115546665800e-03
5.4599999999999994e-07,1.9391702782682825e+00,9.0641289089642887e-03
5.4799999999999998e-07,1.9387956533318458e+00,9.0145415347227201e-03
5.4999999999999992e-07,1.9384257763705959e+00,8.9655386301430735e-03
5.5199999999999997e-07,1.9380605649029792e+00,8.9171096539143197e-03
5.5399999999999991e-07,1.9376999382805984e+00,8.8692443174466819e-03
5.5599999999999995e-07,1.9373438176383897e+00,8.8219325773794214e-03
5.5799999999999999e-07,1.9369921258464056e+00,8.7751646283518170e-03
5.5999999999999993e-07,1.9366447874631394e+00,8.7289308960267695e-03
5.6199999999999998e-07,1.9363017286903383e+00,8.6832220303566087e-03
5.6400000000000002e-07,1.9359628773292465e+00,8.6380288990817317e-03
5.6599999999999996e-07,1.9356281627382297e+00,8.5933425814525670e-03
5.6799999999999990e-07,1.9352975157917269e+00,8.5491543621661094e-03
5.6999999999999994e-07,1.9349708688404854e+00,8.5054557255085216e-03
5.7199999999999999e-07,1.9346481556730282e+00,8.4622383496958456e-03
5.7399999999999993e-07,1.9343293114783142e+00,8.4194941014049396e-03
5.7599999999999997e-07,1.9340142728095442e+00,8.3772150304873925e-03
5.7800000000000001e-07,1.9337029775490755e+00,8.3353933648593111e-03
5.7999999999999995e-07,1.9333953648744049e+00,8.2940215055602017e-03
5.8199999999999989e-07,1.9330913752251799e+00,8.2530920219745594e-03
5.8399999999999994e-07,1.9327909502712073e+00,8.2125976472099682e-03
5.8599999999999998e-07,1.9324940328814182e+00,8.1725312736257195e-03
5.8799999999999992e-07,1.9322005670937636e+00,8.1328859485064308e-03
5.8999999999999996e-07,1.9319104980859994e+00,8.0936548698751342e-03
5.9200000000000001e-07,1.9316237721473397e+00,8.0548313824406713e-03
5.9399999999999995e-07,1.9313403366509421e+00,8.0164089736744857e-03
5.9599999999999999e-07,1.9310601400271994e+00,7.9783812700119344e-03
5.9799999999999993e-07,1.9307831317378095e+00,7.9407420331736728e-03
5.9999999999999997e-07,1.9305092622505979e+00,7.9034851566026458e-03
6.0199999999999991e-07,1.9302384830150685e+00,7.8666046620125499e-03
6.0399999999999996e-07,1.9299707464386546e+00,7.8300946960437098e-03
6.0600000000000000e-07,1.9297060058636524e+00,7.7939495270225234e-03
6.0799999999999994e-07,1.9294442155448097e+00,7.7581635418207577e-03
6.0999999999999998e-07,1.9291853306275513e+00,7.7227312428111731e-03
6.1199999999999992e-07,1.9289293071268159e+00,7.6876472449160472e-03
6.1399999999999997e-07,1.9286761019064940e+00,7.6529062727453152e-03
6.1599999999999990e-07,1.9284256726594331e+00,7.6185031578212079e-03
6.1799999999999995e-07,1.9281779778880059e+00,7.5844328358863440e-03
6.1999999999999999e-07,1.9279329768852145e+00,7.5506903442924067e-03
6.2199999999999993e-07,1.9276906297163157e+00,7.5172708194665983e-03
6.2399999999999998e-07,1.9274508972009532e+00,7.4841694944532151e-03
6.2599999999999991e-07,1.9272137408957764e+00,7.4513816965277088e-03
6.2799999999999996e-07,1.9269791230775346e+00,7.4189028448808959e-03
6.2999999999999990e-07,1.9267470067266288e+00,7.3867284483707853e-03
6.3199999999999994e-07,1.9265173555111066e+00,7.3548541033398342e-03
6.3399999999999999e-07,1.9262901337710894e+00,7.3232754914954101e-03
6.3599999999999992e-07,1.9260653065036160e+00,7.2919883778513484e-03
6.3799999999999997e-07,1.9258428393478890e+00,7.2609886087285349e-03
6.4000000000000001e-07,1.9256226985709137e+00,7.2302721098126280e-03
6.4199999999999995e-07,1.9254048510535171e+00,7.1998348842669622e-03
6.4399999999999989e-07,1.9251892642767343e+00,7.1696730108988509e-03
6.4599999999999993e-07,1.9249759063085512e+00,7.1397826423775851e-03
6.4799999999999998e-07,1.9247647457909944e+00,7.1101600035023190e-03
6.4999999999999992e-07,1.9245557519275558e+00,7.0808013895184299e-03
6.5199999999999996e-07,1.9243488944709439e+00,7.0517031644805189e-03
6.5400000000000001e-07,1.9241441437111482e+00,7.0228617596608299e-03
6.5599999999999994e-07,1.9239414704638127e+00,6.9942736720014446e-03
6.5799999999999988e-07,1.9237408460589076e+00,6.9659354626089194e-03
6.5999999999999993e-07,1.9235422423296844e+00,6.9378437552900379e-03
6.6199999999999997e-07,1.9233456316019164e+00,6.9099952351273624e-03
6.6399999999999991e-07,1.9231509866834089e+00,6.8823866470933241e-03
6.6599999999999996e-07,1.9229582808537733e+00,6.8550147947016530e-03
6.6800000000000000e-07,1.9227674878544567e+00,6.8278765386950028e-03
6.6999999999999994e-07,1.9225785818790229e+00,6.8009687957676082e-03
6.7199999999999988e-07,1.9223915375636713e+00,6.7742885373219541e-03
6.7399999999999992e-07,1.9222063299779937e+00,6.7478327882583037e-03
6.7599999999999997e-07,1.9220229346159587e+00,6.7215986257962226e-03
6.7799999999999990e-07,1.9218413273871158e+00,6.6955831783270074e-03
6.7999999999999995e-07,1.9216614846080153e+00,6.6697836242961056e-03
6.8199999999999999e-07,1.9214833829938402e+00,6.6441971911146702e-03
6.8399999999999993e-07,1.9213069996502368e+00,6.6188211540992971e-03
6.8599999999999987e-07,1.9211323120653458e+00,6.5936528354391764e-03
6.8799999999999991e-07,1.9209592981020258e+00,6.5686896031897446e-03
6.8999999999999996e-07,1.9207879359902611e+00,6.5439288702921500e-03
6.9199999999999990e-07,1.9206182043197537e+00,6.5193680936177258e-03
6.9399999999999994e-07,1.9204500820326900e+00,6.4950047730366559e-03
6.9599999999999999e-07,1.9202835484166796e+00,6.4708364505102704e-03
6.9799999999999992e-07,1.9201185830978613e+00,6.4468607092061734e-03
6.9999999999999997e-07,1.9199551660341729e+00,6.4230751726355442e-03
